<?xml version="1.0" encoding="utf-8" ?>
<dwsync>
<file name="row_1_bg.gif" server="cyanq.com/Nutrition/" local="129772684609354831" remote="129772793400000000" />
<file name="bodyWrapper_bg.jpg" server="cyanq.com/Nutrition/" local="129772750629720980" remote="129772792800000000" />
<file name="cur-arrow.png" server="cyanq.com/Nutrition/" local="129772687128818936" remote="129772792800000000" />
<file name="cart_header.gif" server="cyanq.com/Nutrition/" local="129772687089916711" remote="129772792800000000" />
<file name="search_input_bg.gif" server="cyanq.com/Nutrition/" local="129772688380470527" remote="129772793400000000" />
<file name="menu_item-left.png" server="cyanq.com/Nutrition/" local="129772687963006649" remote="129772793400000000" />
<file name="menu_item-left-act.png" server="cyanq.com/Nutrition/" local="129772689957410723" remote="129772793400000000" />
<file name="menu_item.png" server="cyanq.com/Nutrition/" local="129772687688110926" remote="129772793400000000" />
<file name="menu_item-act.png" server="cyanq.com/Nutrition/" local="129772685625722964" remote="129772793400000000" />
<file name="menu_item-right.png" server="cyanq.com/Nutrition/" local="129772687868051218" remote="129772793400000000" />
<file name="menu_item-right-act.png" server="cyanq.com/Nutrition/" local="129772689860125158" remote="129772793400000000" />
<file name="sale.png" server="cyanq.com/Nutrition/" local="129772765385344954" remote="129772793400000000" />
<file name="button_content.png" server="cyanq.com/Nutrition/" local="129772686223677165" remote="129772792800000000" />
<file name="cs-buttons.png" server="cyanq.com/Nutrition/" local="129772765422777095" remote="129772792800000000" />
<file name="superfish-arrows.png" server="cyanq.com/Nutrition/" local="129772784332218653" remote="129772793400000000" />
<file name="jquery-ui-1.css" server="cyanq.com/Nutrition/" local="129772518443376913" remote="129772792800000000" />
<file name="jquery-1.js" server="cyanq.com/Nutrition/" local="129772518439246677" remote="129772792800000000" />
<file name="jquery-ui-1.js" server="cyanq.com/Nutrition/" local="129772518427486004" remote="129772792800000000" />
<file name="jquery_006.js" server="cyanq.com/Nutrition/" local="129772518442216846" remote="129772793400000000" />
<file name="jquery.css" server="cyanq.com/Nutrition/" local="129772518429686130" remote="129772793400000000" />
<file name="jquery_004.js" server="cyanq.com/Nutrition/" local="129772518429676129" remote="129772793400000000" />
<file name="xeasyTooltipIMG.js" server="cyanq.com/Nutrition/" local="129772518431546236" remote="129772793400000000" />
<file name="hoverIntent.js" server="cyanq.com/Nutrition/" local="129772518435386456" remote="129772792800000000" />
<file name="superfish.js" server="cyanq.com/Nutrition/" local="129772518430306165" remote="129772793400000000" />
<file name="jquery_005.js" server="cyanq.com/Nutrition/" local="129772518432876312" remote="129772793400000000" />
<file name="jquery_003.js" server="cyanq.com/Nutrition/" local="129772518419855567" remote="129772793400000000" />
<file name="jquery.js" server="cyanq.com/Nutrition/" local="129772518416325366" remote="129772793400000000" />
<file name="jquery_002.js" server="cyanq.com/Nutrition/" local="129772518416575380" remote="129772793400000000" />
<file name="960_12_col.css" server="cyanq.com/Nutrition/" local="129772518420035578" remote="129772792200000000" />
<file name="stylesheet.css" server="cyanq.com/Nutrition/" local="129772788010000000" remote="129772793400000000" />
<file name="constants.css" server="cyanq.com/Nutrition/" local="129772518443746934" remote="129772792800000000" />
<file name="style.css" server="cyanq.com/Nutrition/" local="129772680306938747" remote="129772793400000000" />
<file name="style_boxes.css" server="cyanq.com/Nutrition/" local="129772762405014488" remote="129772793400000000" />
<file name="css3.css" server="cyanq.com/Nutrition/" local="129772518442176844" remote="129772792800000000" />
<file name="buttons.css" server="cyanq.com/Nutrition/" local="129772680326719879" remote="129772792800000000" />
<file name="nivo-slider.css" server="cyanq.com/Nutrition/" local="129772680312709077" remote="129772793400000000" />
<file name="animations.css" server="cyanq.com/Nutrition/" local="129772680333100243" remote="129772792200000000" />
<file name="stringball.css" server="cyanq.com/Nutrition/" local="129772518430396170" remote="129772793400000000" />
<file name="superfish.css" server="cyanq.com/Nutrition/" local="129772680353261397" remote="129772793400000000" />
<file name="superfish-navbar.css" server="cyanq.com/Nutrition/" local="129772680294888058" remote="129772793400000000" />
<file name="css.css" server="cyanq.com/Nutrition/" local="129772518414295249" remote="129772792800000000" />
<file name="js.js" server="cyanq.com/Nutrition/" local="129772518441866826" remote="129772793400000000" />
<file name="button_header_search.gif" server="cyanq.com/Nutrition/" local="129772518421065637" remote="129772792800000000" />
<file name="banner_slider_01.jpg" server="cyanq.com/Nutrition/" local="129772787318269445" remote="129772792200000000" />
<file name="banner_slider_02.jpg" server="cyanq.com/Nutrition/" local="129772787501909949" remote="129772792200000000" />
<file name="banner_slider_03.jpg" server="cyanq.com/Nutrition/" local="129772787125308408" remote="129772792200000000" />
<file name="banner_01_1.jpg" server="cyanq.com/Nutrition/" local="129772786626839898" remote="129772792200000000" />
<file name="banner_02_1.jpg" server="cyanq.com/Nutrition/" local="129772786395036639" remote="129772792200000000" />
<file name="banner_03_1.jpg" server="cyanq.com/Nutrition/" local="129772786523613993" remote="129772792200000000" />
<file name="icon.gif" server="cyanq.com/Nutrition/" local="129772518415195301" remote="129772792800000000" />
<file name="042.png" server="cyanq.com/Nutrition/" local="129772785406200081" remote="129772791600000000" />
<file name="spacer.gif" server="cyanq.com/Nutrition/" local="129772518426845967" remote="129772793400000000" />
<file name="041.png" server="cyanq.com/Nutrition/" local="129772784747932430" remote="129772791600000000" />
<file name="045.png" server="cyanq.com/Nutrition/" local="129772785503965673" remote="129772791600000000" />
<file name="046.png" server="cyanq.com/Nutrition/" local="129772784957494417" remote="129772791600000000" />
<file name="043.png" server="cyanq.com/Nutrition/" local="129772784618815045" remote="129772791600000000" />
<file name="044.png" server="cyanq.com/Nutrition/" local="129772784854978553" remote="129772791600000000" />
<file name="example_1.png" server="cyanq.com/Nutrition/" local="129772518425705902" remote="129772792800000000" />
<file name="example_2.png" server="cyanq.com/Nutrition/" local="129772518438856654" remote="129772792800000000" />
<file name="example_3.png" server="cyanq.com/Nutrition/" local="129772518421545664" remote="129772792800000000" />
<file name="example_4.png" server="cyanq.com/Nutrition/" local="129772518431886256" remote="129772792800000000" />
<file name="example_5.png" server="cyanq.com/Nutrition/" local="129772518420245590" remote="129772792800000000" />
<file name="example_6.png" server="cyanq.com/Nutrition/" local="129772518432356282" remote="129772792800000000" />
<file name="mln.png" server="cyanq.com/Nutrition/" local="129772761056577362" remote="129772793400000000" />
<file name="imagepreloader.js" server="cyanq.com/Nutrition/" local="129772518417335423" remote="129772792800000000" />
<file name="store_logo.png" server="cyanq.com/Nutrition/" local="129772518429666129" remote="129772793400000000" />
</dwsync>